Neural Networks and Deep Learning,Data Science,58,48,14,24.1%
Programming for Everybody (Getting Started with Python),Computer Science,57,40,18,31.6%
R Programming,Data Science,53,41,6,11.3%
The Data Scientist’s Toolbox,Data Science,47,41,12,25.5%
Introduction to Probability and Data with R,Data Science,31,23,5,16.1%
Introduction to Genomic Technologies,Data Science,25,21,11,44.0%
Python Data Structures,Computer Science,25,19,8,32.0%
Introduction to Data Science in Python,Data Science,21,16,3,14.3%
What is Data Science?,Data Science,20,16,10,50.0%
"Improving Deep Neural Networks: Hyperparameter Tuning, Regularization and Optimization",Data Science,18,12,8,44.4%
Mathematics for Machine Learning: Linear Algebra,Data Science,16,13,0,0.0%
Fundamentals of Immunology: Innate Immunity and B-Cell Function,Health,16,14,4,25.0%
Machine Learning with Python,Data Science,16,12,2,12.5%
AI For Everyone,Business,15,12,6,40.0%
Finding Hidden Messages in DNA (Bioinformatics I),Health,15,12,0,0.0%
Data Analysis with Python,Data Science,15,11,7,46.7%
Convolutional Neural Networks,Data Science,14,11,5,35.7%
Tools for Data Science,Data Science,13,9,4,30.8%
Fundamentals of Visualization with Tableau,Data Science,13,6,2,15.4%
Inferential Statistics,Data Science,13,9,2,15.4%
Structuring Machine Learning Projects,Data Science,13,10,9,69.2%
Python Basics,Computer Science,13,13,4,30.8%
Write Professional Emails in English,Language Learning,13,7,1,7.7%
Crash Course on Python,Information Technology,12,9,2,16.7%
"Python for Data Science, AI & Development",Data Science,11,10,7,63.6%
A Crash Course in Data Science,Data Science,11,11,11,100.0%
Data Visualization with Python,Data Science,11,7,5,45.5%
Data Science Methodology,Data Science,11,10,6,54.5%
Managing Data Analysis,Business,11,9,5,45.5%
Introduction to Artificial Intelligence (AI),Data Science,10,9,3,30.0%
Learning How to Learn: Powerful mental tools to help you master tough subjects,Personal Development,10,10,4,40.0%
Genomic Data Science with Galaxy,Data Science,10,9,2,20.0%
Bioconductor for Genomic Data Science,Data Science,10,7,2,20.0%
Using Python to Access Web Data,Computer Science,9,7,5,55.6%
Introduction to Data Analysis Using Excel,Data Science,9,4,0,0.0%
The Science of Well-Being,Personal Development,9,7,1,11.1%
Python for Genomic Data Science,Data Science,9,6,2,22.2%
Sequence Models,Data Science,9,7,4,44.4%
Understanding and Visualizing Data with Python,Data Science,9,8,2,22.2%
"Introduction to TensorFlow for Artificial Intelligence, Machine Learning, and Deep Learning",Computer Science,9,6,5,55.6%
Summary Statistics in Public Health,Health,8,5,1,12.5%
Excel Skills for Business: Essentials,Business,8,5,3,37.5%
Using Databases with Python,Computer Science,8,5,5,62.5%
Getting Started with Data Visualization in R,Data Science,8,2,1,12.5%
Statistics for Genomic Data Science,Data Science,8,4,1,12.5%
Google Cloud Platform Fundamentals: Core Infrastructure,Information Technology,8,5,2,25.0%
Spanish Vocabulary: Meeting People,Language Learning,7,4,2,28.6%
SQL for Data Science,Data Science,7,5,2,28.6%
Getting and Cleaning Data,Data Science,7,6,2,28.6%
Excel Skills for Business: Intermediate I,Business,7,5,1,14.3%
Getting Started with SAS Programming,Data Science,7,7,0,0.0%
Getting Started with R,Data Science,7,6,4,57.1%
Reproducible Research,Data Science,7,5,0,0.0%
Databases and SQL for Data Science with Python,Data Science,7,4,3,42.9%
Building a Data Science Team,Data Science,7,7,6,85.7%
Basic Statistics,Data Science,7,6,0,0.0%
Introduction to Relational Database and SQL,Computer Science,6,3,3,50.0%
Linear Regression and Modeling,Data Science,6,5,2,33.3%
AI for Medical Diagnosis,Data Science,6,2,1,16.7%
Introduction to Data Analytics,Data Science,6,5,2,33.3%
Machine Learning for All,Computer Science,6,5,1,16.7%
Using Python to Interact with the Operating System,Information Technology,5,4,2,40.0%
Bayesian Statistics: From Concept to Data Analysis,Data Science,5,3,0,0.0%
Bayesian Statistics,Data Science,5,3,0,0.0%
Getting Started with Rstudio,Data Science,5,4,3,60.0%
"Algorithms, Part I",Computer Science,5,4,0,0.0%
Convolutional Neural Networks in TensorFlow,Data Science,5,3,2,40.0%
Statistical Inference,Data Science,5,3,0,0.0%
Data Science in Real Life,Data Science,5,5,5,100.0%
"Capstone: Retrieving, Processing, and Visualizing Data with Python",Data Science,5,3,3,60.0%
Fundamentals of GIS,Physical Science and Engineering,5,4,0,0.0%
Natural Language Processing with Classification and Vector Spaces,Data Science,5,3,1,20.0%
Excel Basics for Data Analysis,Data Science,5,4,2,40.0%
Statistics with R Capstone,Data Science,5,2,0,0.0%
Excel Skills for Business: Intermediate II,Business,5,3,0,0.0%
Build Basic Generative Adversarial Networks (GANs),Data Science,5,3,2,40.0%
Executive Data Science Capstone,Business,4,4,4,100.0%
Data Science Math Skills,Math and Logic,4,3,2,50.0%
Fundamentals of Immunology: T Cells and Signaling,Health,4,3,1,25.0%
"Work Smarter, Not Harder: Time Management for Personal & Professional Productivity",Business,4,4,3,75.0%
Machine Learning Foundations: A Case Study Approach,Data Science,4,2,1,25.0%
Essential Epidemiologic Tools for Public Health Practice,Health,4,3,2,50.0%
COVID-19 Contact Tracing,Health,4,2,2,50.0%
Biology Meets Programming: Bioinformatics for Beginners,Health,4,4,0,0.0%
Introduction to Programming with MATLAB,Computer Science,4,3,1,25.0%
Fundamental Neuroscience for Neuroimaging,Health,4,2,0,0.0%
Introduction to Big Data,Data Science,4,4,1,25.0%
AWS Fundamentals: Going Cloud-Native,Information Technology,4,2,2,50.0%
"Python Functions, Files, and Dictionaries",Computer Science,4,3,1,25.0%
Statistics with SAS,Data Science,4,2,0,0.0%
Exploratory Data Analysis for Machine Learning,Data Science,4,3,2,50.0%
Python Project for Data Science,Data Science,4,2,1,25.0%
Data Visualization with Python,Computer Science,4,2,2,50.0%
Natural Language Processing in TensorFlow,Data Science,4,3,2,50.0%
Getting Started with AWS Machine Learning,Data Science,4,3,2,50.0%
Algorithmic Toolbox,Computer Science,4,3,0,0.0%
Initiating and Planning Projects,Business,4,1,0,0.0%
Computational Neuroscience,Data Science,4,1,0,0.0%
Exploratory Data Analysis,Data Science,4,3,2,50.0%
Financial Markets,Business,4,4,0,0.0%
Developing Data Products,Data Science,4,3,0,0.0%
Introduction to Psychology,Health,4,3,0,0.0%
"Speak English Professionally: In Person, Online & On the Phone",Language Learning,4,0,0,0.0%
Design and Interpretation of Clinical Trials,Health,4,3,2,50.0%
Spanish for Successful Communication in Healthcare Settings,Health,4,3,0,0.0%
Introduction to the Biology of Cancer,Health,3,3,2,66.7%
Introduction to Systematic Review and Meta-Analysis,Health,3,3,1,33.3%
The R Programming Environment,Data Science,3,2,0,0.0%
COVID19 Data Analysis Using Python,Data Science,3,1,1,33.3%
Advanced Computer Vision with TensorFlow,Data Science,3,2,0,0.0%
Statistics for Data Science with Python,Data Science,3,3,1,33.3%
AWS Fundamentals: Building Serverless Applications,Information Technology,3,2,2,66.7%
Create Your First Python Program,Computer Science,3,2,2,66.7%
Applied Data Science Capstone,Data Science,3,2,2,66.7%
Understanding Clinical Research: Behind the Statistics,Health,3,3,2,66.7%
Creating Dashboards and Storytelling with Tableau,Data Science,3,3,0,0.0%
Machine Learning: Regression,Data Science,3,1,0,0.0%
Building a Dynamic Web App using PHP & MySQL,Computer Science,3,3,2,66.7%
Plots (Graphics) in R,Data Science,3,3,1,33.3%
Practical Machine Learning,Data Science,3,2,0,0.0%
Excel Skills for Business: Advanced,Business,3,1,0,0.0%
Simple Regression Analysis in Public Health,Health,3,1,0,0.0%
Introduction to Data Analytics for Business,Data Science,3,0,0,0.0%
Healthcare Data Literacy,Health,3,1,0,0.0%
Introduction to Bash Shell Scripting,Computer Science,3,2,2,66.7%
Foundations of Public Health Practice: The Public Health Approach,Health,3,2,1,33.3%
Fundamentals of Reinforcement Learning,Data Science,3,2,1,33.3%
"Applied Plotting, Charting & Data Representation in Python",Data Science,3,3,1,33.3%
"Programming Foundations with JavaScript, HTML and CSS",Computer Science,3,3,0,0.0%
Essential Design Principles for Tableau,Data Science,3,3,0,0.0%
Introduction to Cloud Computing,Information Technology,3,1,0,0.0%
Introduction to the Tidyverse,Data Science,3,2,1,33.3%
Japanese for beginners 1,Language Learning,3,2,0,0.0%
Essential Google Cloud Infrastructure: Foundation,Information Technology,3,2,0,0.0%
Financial Engineering and Risk Management Part I,Business,3,3,0,0.0%
Command Line Tools for Genomic Data Science,Data Science,3,3,2,66.7%
Network Analysis in Systems Biology,Health,3,1,0,0.0%
Gut Check: Exploring Your Microbiome,Health,3,3,0,0.0%
Introduction to Deep Learning,Data Science,3,2,0,0.0%
Mathematical Thinking in Computer Science,Computer Science,3,1,0,0.0%
Genomics: Decoding the Universal Language of Life,Health,3,2,0,0.0%
Everyday Parenting: The ABCs of Child Rearing,Health,3,3,2,66.7%
Data Manipulation with dplyr in R,Data Science,3,3,2,66.7%
Build a Modern Computer from First Principles: From Nand to Tetris (Project-Centered Course),Computer Science,3,3,1,33.3%
Regression Models,Data Science,3,2,0,0.0%
Data Visualization with Tableau Project,Data Science,2,2,0,0.0%
Pandas Python Library for Beginners in Data Science,Data Science,2,2,2,100.0%
Deep Neural Networks with PyTorch,Data Science,2,2,0,0.0%
Exploratory Data Analysis With Python and Pandas,Data Science,2,2,2,100.0%
Data Management for Clinical Research,Health,2,2,1,50.0%
Introduction to Philosophy,Arts and Humanities,2,2,0,0.0%
The Arduino Platform and C Programming,Computer Science,2,2,0,0.0%
Introduction to GIS Mapping,Physical Science and Engineering,2,1,0,0.0%
Verb Tenses and Passives,Language Learning,2,2,0,0.0%
AWS Fundamentals: Addressing Security Risk,Information Technology,2,2,2,100.0%
NLP: Twitter Sentiment Analysis,Data Science,2,2,2,100.0%
Advanced Linear Models for Data Science 1: Least Squares,Data Science,2,0,0,0.0%
Étudier en France: French Intermediate course B1-B2,Language Learning,2,1,0,0.0%
Design and Make Infographics (Project-Centered Course),Business,2,1,0,0.0%
Getting Started with Power BI Desktop,Business,2,1,1,50.0%
Data Visualization with Plotly Express,Data Science,2,2,1,50.0%
Managing Big Data with MySQL,Data Science,2,1,0,0.0%
Git + GitHub for Open Source Collaboration,Information Technology,2,2,2,100.0%
Introduction to Negotiation: A Strategic Playbook for Becoming a Principled and Persuasive Negotiator,Business,2,2,0,0.0%
Natural Language Processing with Attention Models,Data Science,2,2,1,50.0%
Data and Health Indicators in Public Health Practice,Health,2,1,0,0.0%
COVID19 Data Visualization Using Python,Data Science,2,2,2,100.0%
Research Data Management and Sharing,Data Science,2,2,1,50.0%
Python Classes and Inheritance,Computer Science,2,2,1,50.0%
Academic Literacy,Language Learning,2,2,1,50.0%
Natural Language Processing,Data Science,2,1,0,0.0%
Build a Modern Computer from First Principles: Nand to Tetris Part II (project-centered course),Computer Science,2,2,0,0.0%
"Sequences, Time Series and Prediction",Data Science,2,2,2,100.0%
Mathematical Biostatistics Boot Camp 1,Math and Logic,2,1,0,0.0%
Big Data Science with the BD2K-LINCS Data Coordination and Integration Center,Health,2,1,0,0.0%
Basic Statistics in Python (ANOVA),Data Science,2,2,2,100.0%
A Complete Reinforcement Learning System (Capstone),Data Science,2,2,1,50.0%
Shell Scripting with Bash: Basics,Computer Science,2,2,1,50.0%
3D SARS-CoV-19 Protein Visualization With Biopython,Data Science,2,2,1,50.0%
Data Visualization and Communication with Tableau,Data Science,2,0,0,0.0%
Introduction to Graph Theory,Computer Science,2,1,1,50.0%
Getting started in cryo-EM,Health,2,2,0,0.0%
Combining and Analyzing Complex Data,Data Science,2,2,1,50.0%
Dealing With Missing Data,Data Science,2,1,1,50.0%
Mathematics for Machine Learning: PCA,Data Science,2,2,0,0.0%
Public Policy Challenges of the 21st Century,Social Sciences,2,2,1,50.0%
Front-End Web UI Frameworks and Tools: Bootstrap 4,Computer Science,2,1,0,0.0%
Visualizing Citibike Trips with Tableau,Business,2,1,1,50.0%
Hyperparameter Tuning with Neural Network Intelligence,Data Science,2,2,1,50.0%
Analyze Box Office Data with Seaborn and Python,Data Science,2,1,1,50.0%
Combinatorics and Probability,Computer Science,2,1,0,0.0%
Essential Causal Inference Techniques for Data Science,Data Science,2,2,1,50.0%
"Cloud Computing Concepts, Part 1",Computer Science,2,2,0,0.0%
Framework for Data Collection and Analysis,Data Science,2,0,0,0.0%
Fighting COVID-19 with Epidemiology: A Johns Hopkins Teach-Out,Health,2,1,0,0.0%
Data Visualization in R with ggplot2,Data Science,2,1,0,0.0%
Fitting Statistical Models to Data with Python,Data Science,2,1,1,50.0%
"Big Data, Genes, and Medicine",Health,2,1,0,0.0%
Google Cloud Platform Big Data and Machine Learning Fundamentals,Data Science,2,1,1,50.0%
Algorithms for DNA Sequencing,Data Science,2,1,1,50.0%
Essential Google Cloud Infrastructure: Core Services,Information Technology,2,2,0,0.0%
How Google does Machine Learning,Data Science,2,1,0,0.0%
Introduction to Git and GitHub,Information Technology,2,2,0,0.0%
Publishing Visualizations in R with Shiny and flexdashboard,Data Science,2,1,0,0.0%
Importing Data in the Tidyverse,Data Science,2,2,0,0.0%
Security Best Practices in Google Cloud,Information Technology,2,1,0,0.0%
Agile Meets Design Thinking,Computer Science,2,1,0,0.0%
Big Data Integration and Processing,Data Science,2,0,0,0.0%
Graphing with ggplot2,Data Science,2,1,1,50.0%
Introduction to Ansible: The Fundamentals,Computer Science,2,1,1,50.0%
Bioinformatic Methods I,Health,2,2,1,50.0%
Natural Language Processing with Probabilistic Models,Data Science,2,1,1,50.0%
Biohacking Your Brain's Health,Health,2,0,0,0.0%
Foundations of Project Management,Business,2,1,0,0.0%
Questionnaire Design for Social Surveys,Health,2,0,0,0.0%
Dimensionality Reduction using an Autoencoder in Python,Data Science,2,2,2,100.0%
Build a Python GUI with Tkinter,Computer Science,2,2,2,100.0%
Supervised Learning: Regression,Data Science,2,2,1,50.0%
The Social and Technical Context of Health Informatics,Health,2,1,0,0.0%
Fundamentals of Graphic Design,Arts and Humanities,2,0,0,0.0%
Essentials of Global Health,Health,2,2,0,0.0%
Introduction to Statistics & Data Analysis in Public Health,Health,2,2,1,50.0%
Getting Started with AI using IBM Watson,Data Science,2,1,1,50.0%
Applied Machine Learning in Python,Data Science,2,1,0,0.0%
Precision Medicine,Health,2,1,0,0.0%
Think Again I: How to Understand Arguments,Personal Development,2,2,1,50.0%
Exploratory Data Analysis with Seaborn,Data Science,2,2,2,100.0%
The Data Science of Health Informatics,Health,2,2,1,50.0%
Influencing People,Business,2,1,0,0.0%
Inferential Statistical Analysis with Python,Data Science,2,2,1,50.0%
Communication Strategies for a Virtual Age,Business,2,1,0,0.0%
Create your personal career development plan,Personal Development,2,2,0,0.0%
Science of Exercise,Health,2,1,0,0.0%
Improving your statistical inferences,Data Science,2,1,0,0.0%
Classification with Transfer Learning in Keras,Data Science,2,1,1,50.0%
Understanding Cancer Metastasis,Health,2,1,1,50.0%
Cloud Computing Basics (Cloud 101),Information Technology,2,2,2,100.0%
Discrete Math and Analyzing Social Graphs,Math and Logic,2,2,0,0.0%
Learn to Program: The Fundamentals,Computer Science,2,2,0,0.0%
"Custom Models, Layers, and Loss Functions with TensorFlow",Data Science,2,1,1,50.0%
Product Design: Designing a modern table lamp using SketchUp,Computer Science,2,2,1,50.0%
Image Denoising Using AutoEncoders in Keras and Python,Data Science,2,1,1,50.0%
Calculating Descriptive Statistics in R,Data Science,2,2,1,50.0%
Introduction to Environmental Law and Policy,Social Sciences,2,2,0,0.0%
Grammar and Punctuation,Language Learning,2,1,0,0.0%
Successful Negotiation: Essential Strategies and Skills,Business,2,2,1,50.0%
Basic Elements of Design: Design Principles and Software Overview,Arts and Humanities,2,1,0,0.0%
Multiple Regression Analysis in Public Health,Health,2,0,0,0.0%
Leading Change in Health Informatics,Health,2,1,0,0.0%
Digital Business Models,Business,1,1,0,0.0%
Communication in the 21st Century Workplace,Business,1,1,1,100.0%
"Faster Together, Enhancing the Recruitment of Minorities in Clinical Trials",Social Sciences,1,1,0,0.0%
Importing Data into R,Data Science,1,1,1,100.0%
Portfolio Selection and Risk Management,Business,1,1,0,0.0%
Data Visualization using dplyr and ggplot2 in R,Data Science,1,1,1,100.0%
"Smart Analytics, Machine Learning, and AI on GCP",Information Technology,1,1,0,0.0%
Deep Learning and Reinforcement Learning,Data Science,1,1,1,100.0%
Guitar for Beginners,Arts and Humanities,1,0,0,0.0%
Create a Buy Signal using RSI in R with the Quantmod Package,Data Science,1,1,1,100.0%
Leadership and Emotional Intelligence,Business,1,0,0,0.0%
Deploy Models with TensorFlow Serving and Flask,Data Science,1,1,0,0.0%
Multiplatform Mobile App Development with React Native,Computer Science,1,0,0,0.0%
Perfect Tenses and Modals,Language Learning,1,1,0,0.0%
Inferential and Predictive Statistics for Business,Business,1,0,0,0.0%
Visualizing Filters of a CNN using TensorFlow,Data Science,1,1,1,100.0%
"Using JavaScript, JQuery, and JSON in Django",Computer Science,1,1,0,0.0%
Apply Generative Adversarial Networks (GANs),Data Science,1,1,1,100.0%
An Introduction to Practical Deep Learning,Computer Science,1,1,0,0.0%
High-Impact Business Writing,Business,1,1,1,100.0%
Epidemiology: The Basic Science of Public Health,Health,1,0,0,0.0%
Innovations in Investment Technology: Artificial Intelligence,Business,1,1,0,0.0%
Guitar Scales and Chord Progressions,Arts and Humanities,1,0,0,0.0%
Functional Program Design in Scala,Computer Science,1,1,0,0.0%
Create Your First Automation Script Using Selenium and Java,Computer Science,1,1,0,0.0%
Epidemics,Health,1,0,0,0.0%
Cloud Computing Security,Computer Science,1,0,0,0.0%
Introduction to Business Analytics: Communicating with Data,Business,1,0,0,0.0%
Introduction to User Experience Principles and Processes,Computer Science,1,1,0,0.0%
Evidence-based Toxicology,Health,1,1,0,0.0%
Conversational English Skills,Language Learning,1,1,0,0.0%
Use Commands and Create a Remote Git Repository,Computer Science,1,1,1,100.0%
Introduction to TensorFlow,Data Science,1,1,1,100.0%
English for Career Development,Language Learning,1,0,0,0.0%
Build Better Generative Adversarial Networks (GANs),Data Science,1,1,1,100.0%
Algae Biotechnology,Physical Science and Engineering,1,1,1,100.0%
Health Care IT: Challenges and Opportunities,Health,1,1,1,100.0%
Terraform Basics: Automate Provisioning of AWS EC2 Instances,Information Technology,1,0,0,0.0%
Sentimental Analysis on COVID-19 Tweets using python,Data Science,1,1,1,100.0%
Mindfulness in Integrative Healthcare,Health,1,0,0,0.0%
Introduction to Ableton Live,Arts and Humanities,1,0,0,0.0%
Command Line in Linux,Information Technology,1,0,0,0.0%
Foundations of Data Science: K-Means Clustering in Python,Data Science,1,0,0,0.0%
Calculus through Data & Modeling: Precalculus Review,Math and Logic,1,0,0,0.0%
"Søren Kierkegaard - Subjectivity, Irony and the Crisis of Modernity",Arts and Humanities,1,0,0,0.0%
How to Manage a Remote Team,Business,1,1,0,0.0%
Basic Sentiment Analysis with TensorFlow,Data Science,1,1,0,0.0%
"Random Models, Nested and Split-plot Designs",Data Science,1,1,0,0.0%
Encryption And Decryption Using C++,Computer Science,1,1,1,100.0%
MRI Fundamentals,Health,1,0,0,0.0%
Principles of fMRI 1,Data Science,1,1,0,0.0%
Predicting Salaries with Decision Trees,Data Science,1,1,1,100.0%
"Coding for Designers, Managers, & Entrepreneurs I",Business,1,0,0,0.0%
Getting Started with Google Kubernetes Engine,Information Technology,1,0,0,0.0%
Transforming Data in R,Data Science,1,1,1,100.0%
The Critical Role of IT Support Staff in Healthcare,Health,1,1,1,100.0%
The Social Context of Mental Health and Illness,Social Sciences,1,0,0,0.0%
Automating Real-World Tasks with Python,Information Technology,1,1,0,0.0%
Building Candlestick Charts with Tableau,Business,1,1,1,100.0%
Programming Fundamentals,Computer Science,1,1,1,100.0%
Mindware: Critical Thinking for the Information Age,Health,1,0,0,0.0%
Sample-based Learning Methods,Data Science,1,1,1,100.0%
Introduction to Docker : The Basics,Computer Science,1,1,0,0.0%
Business Writing,Business,1,0,0,0.0%
Quantitative Methods,Physical Science and Engineering,1,1,0,0.0%
Bayesian Methods for Machine Learning,Data Science,1,1,0,0.0%
Public Health Perspectives on Sustainable Diets,Health,1,0,0,0.0%
The Art of Negotiation,Business,1,1,1,100.0%
Data Structures and Algorithms (I),Computer Science,1,0,0,0.0%
Introduction to Statistical Analysis:  Hypothesis Testing,Data Science,1,0,0,0.0%
Introduction to HTML5,Computer Science,1,1,0,0.0%
How to Write and Publish a Scientific Paper (Project-Centered Course),Social Sciences,1,1,0,0.0%
Industrial Biotechnology,Health,1,1,1,100.0%
An Introduction to the U.S. Food System: Perspectives from Public Health,Health,1,0,0,0.0%
Personality Types at Work,Personal Development,1,1,0,0.0%
Introduction to MongoDB,Information Technology,1,0,0,0.0%
Introduction to Breast Cancer,Health,1,1,0,0.0%
Advanced Interviewing Techniques,Language Learning,1,1,0,0.0%
Finding Purpose and Meaning In Life: Living for What Matters Most,Personal Development,1,1,0,0.0%
Create Your First Game with Python,Computer Science,1,1,1,100.0%
Scalable Machine Learning on Big Data using Apache Spark,Data Science,1,1,1,100.0%
Estimating ML-Models Financial Impact,Data Science,1,0,0,0.0%
Bayesian Statistics: Mixture Models,Data Science,1,1,0,0.0%
普通物理學-電磁學、光學及近代物理 (General Physics (1)),Physical Science and Engineering,1,0,0,0.0%
Logistic Regression with NumPy and Python,Data Science,1,0,0,0.0%
New Models of Business in Society,Business,1,1,0,0.0%
Docker Essentials & Building a Containerized Web Application,Information Technology,1,1,1,100.0%
The Oral Cavity: Portal to Health and Disease,Health,1,0,0,0.0%
Building Data Visualization Tools,Data Science,1,1,0,0.0%
Drug Discovery,Health,1,1,1,100.0%
Mathematics for Machine Learning: Multivariate Calculus,Math and Logic,1,0,0,0.0%
Cancer Prevention Web-Based Activity,Health,1,1,1,100.0%
Tableau Public for Project Management and Beyond,Business,1,1,1,100.0%
Foundations of Health Equity Research,Health,1,0,0,0.0%
Data Visualization in Google Slides,Data Science,1,1,1,100.0%
Buddhism and Modern Psychology,Health,1,1,0,0.0%
Chinese for HSK 1,Language Learning,1,1,0,0.0%
Successful Interviewing,Language Learning,1,1,0,0.0%
The Art of Music Production,Arts and Humanities,1,0,0,0.0%
Python Tricks and Hacks for Productivity,Computer Science,1,1,1,100.0%
Computational Social Science Methods,Data Science,1,0,0,0.0%
Introduction to Forensic Science,Health,1,1,0,0.0%
Digital Transformation,Business,1,1,0,0.0%
Browser-based Models with TensorFlow.js,Computer Science,1,0,0,0.0%
"Probability Theory, Statistics and Exploratory Data Analysis",Math and Logic,1,1,0,0.0%
Introduction to Systems Biology,Health,1,1,0,0.0%
The Addicted Brain,Health,1,1,0,0.0%
Six Sigma Principles,Business,1,1,0,0.0%
Explore stock prices with Spark SQL,Data Science,1,1,1,100.0%
Stock Analysis:  Create a Buy Signal Filter using R and the Quantmod Package,Data Science,1,1,1,100.0%
Applications of Everyday Leadership,Business,1,1,0,0.0%
Creating a Portfolio,Business,1,1,1,100.0%
The Science of Success: What Researchers Know that You Should Know,Business,1,1,0,0.0%
Magic in the Middle Ages,Arts and Humanities,1,1,0,0.0%
How to Write a Resume (Project-Centered Course),Personal Development,1,1,1,100.0%
Python Geospatial Data Analysis,Data Science,1,1,1,100.0%
API Design and Fundamentals of Google Cloud's Apigee API Platform,Computer Science,1,1,0,0.0%
Launching into Machine Learning,Data Science,1,0,0,0.0%
Google Cloud Product Fundamentals,Business,1,1,0,0.0%
Cluster Analysis in Data Mining,Data Science,1,1,0,0.0%
Functional Programming Principles in Scala,Computer Science,1,1,1,100.0%
Introduction to Dental Medicine,Health,1,0,0,0.0%
Data Visualization Using Google Sheets,Business,1,1,1,100.0%
"Textual Elements of Design: Fonts, Typography, and Spacing",Arts and Humanities,1,1,0,0.0%
Predict Employee Turnover with scikit-learn,Data Science,1,1,1,100.0%
Design Thinking for Innovation,Business,1,1,0,0.0%
Doing More with SAS Programming,Data Science,1,0,0,0.0%
Business Transformation with Google Cloud,Business,1,0,0,0.0%
Using Shiny to Plot Differential Gene Expression,Data Science,1,1,1,100.0%
Parallel programming,Computer Science,1,1,0,0.0%
Building Modern Python Applications on AWS,Information Technology,1,1,0,0.0%
Exploratory Data Analysis with MATLAB,Data Science,1,1,0,0.0%
Continuous Delivery & DevOps,Computer Science,1,1,1,100.0%
Big Data Analysis with Scala and Spark,Computer Science,1,0,0,0.0%
Creating a Wordcloud using NLP and TF-IDF in Python,Data Science,1,1,1,100.0%
First Step Korean,Language Learning,1,1,0,0.0%
Digital Signal Processing 1: Basic Concepts and Algorithms,Physical Science and Engineering,1,1,0,0.0%
Linear Regression in R for Public Health,Health,1,1,1,100.0%
Computer Vision - Object Tracking with OpenCV and Python,Data Science,1,0,0,0.0%
Building R Packages,Data Science,1,0,0,0.0%
"Introduction to XR: VR, AR, and MR Foundations",Computer Science,1,1,0,0.0%
Create Interactive Dashboards with Streamlit and Python,Data Science,1,1,1,100.0%
Design your own trading strategy – Culminating Project,Business,1,1,1,100.0%
Basic Image Classification with TensorFlow,Data Science,1,1,1,100.0%
Trading Algorithms,Business,1,1,1,100.0%
Developing the SIR Model,Health,1,1,0,0.0%
Finance for Non-Financial Professionals,Business,1,1,1,100.0%
Clinical Data Models and Data Quality Assessments,Data Science,1,1,1,100.0%
Build a Machine Learning Web App with Streamlit and Python,Data Science,1,0,0,0.0%
SketchUp: How to start modeling simple 3D objects,Computer Science,1,1,1,100.0%
Develop a Company Website with Wix,Business,1,1,1,100.0%
Predictive Modeling and Machine Learning with MATLAB,Data Science,1,1,0,0.0%
Operations and Patient Safety for Healthcare IT Staff,Health,1,1,1,100.0%
C for Everyone: Programming Fundamentals,Computer Science,1,1,0,0.0%
System Administration and IT Infrastructure Services,Information Technology,1,1,0,0.0%
SAS Macro Language,Computer Science,1,0,0,0.0%
Data Visualization,Data Science,1,1,0,0.0%
Machine Learning: Clustering & Retrieval,Data Science,1,0,0,0.0%
How to Design a Space-Saving Table Using SketchUp,Computer Science,1,1,1,100.0%
Image Noise Reduction with Auto-encoders using TensorFlow,Data Science,1,1,0,0.0%
Introduction to Self-Driving Cars,Computer Science,1,0,0,0.0%
Excel Fundamentals for Data Analysis,Business,1,1,0,0.0%
"Healthcare Data Security, Privacy, and Compliance",Health,1,1,1,100.0%
Foundations of Mindfulness,Health,1,1,0,0.0%
Fundamentals of Music Theory,Arts and Humanities,1,0,0,0.0%
Consonants of American English Pronunciation,Language Learning,1,1,0,0.0%
Relativism,Arts and Humanities,1,0,0,0.0%
Specialized Models: Time Series and Survival Analysis,Data Science,1,1,0,0.0%
Genomic Data Science Capstone,Data Science,1,1,0,0.0%
Bacterial Bioinformatics,Health,1,1,0,0.0%
How to Create a Program Evaluation for Your Non-Profit,Business,1,0,0,0.0%
Blockchain and Cryptocurrency Explained,Business,1,1,0,0.0%
Inspiring and Motivating Individuals,Business,1,0,0,0.0%
"JavaScript, jQuery, and JSON",Computer Science,1,1,0,0.0%
Strategic Business Management - Macroeconomics,Business,1,0,0,0.0%
"Musicianship: Chord Charts, Diatonic Chords, and Minor Keys",Arts and Humanities,1,0,0,0.0%
RStudio for Six Sigma - Basic Descriptive Statistics,Business,1,0,0,0.0%
"RPA Lifecycle: Introduction, Discovery and Design",Computer Science,1,1,0,0.0%
Database Management Essentials,Computer Science,1,1,0,0.0%
Elastic Google Cloud Infrastructure: Scaling and Automation,Information Technology,1,1,0,0.0%
Bioinformatics: Introduction and Methods 生物信息学: 导论与方法,Health,1,1,0,0.0%
Networking in Google Cloud: Defining and Implementing Networks,Information Technology,1,1,1,100.0%
Business Metrics for Data-Driven Companies,Data Science,1,0,0,0.0%
Basics of Extracellular Vesicles,Health,1,0,0,0.0%
Intellectual Humility: Practice,Arts and Humanities,1,1,0,0.0%
From Idea to Startup,Business,1,0,0,0.0%
Blockchain Basics,Computer Science,1,0,0,0.0%
Getting Started with R Programming,Data Science,1,1,1,100.0%
Introduction to Neurohacking In R,Data Science,1,1,0,0.0%
Python Programming: A Concise Introduction,Computer Science,1,1,0,0.0%
Building Web Applications in PHP,Computer Science,1,1,0,0.0%
Machine Learning: Classification,Data Science,1,0,0,0.0%
Spring Boot Inversion of Control and Dependency Injection,Computer Science,1,1,1,100.0%
Automation Scripts Using Bash,Computer Science,1,0,0,0.0%
"Merge, Sort and Filter Data in Python Pandas",Data Science,1,1,1,100.0%
Intercultural Communication and Conflict Resolution,Business,1,0,0,0.0%
Data Visualization and Dashboards with Excel and Cognos,Data Science,1,1,0,0.0%
Clinical Natural Language Processing,Data Science,1,0,0,0.0%
How to Win a Data Science Competition: Learn from Top Kagglers,Data Science,1,1,0,0.0%
Effective Problem-Solving and Decision-Making,Business,1,1,0,0.0%
Negotiation  Fundamentals,Business,1,1,0,0.0%
Custom and Distributed Training with TensorFlow,Data Science,1,1,1,100.0%
Songwriting: Writing the Lyrics,Arts and Humanities,1,1,0,0.0%
Fundamentals of Project Planning and Management,Business,1,1,0,0.0%
"Algorithms, Data Collection, and Starting to Code",Computer Science,1,0,0,0.0%
Digital Product Management: Modern Fundamentals,Business,1,1,0,0.0%
Build Your Professional ePortfolio in English,Language Learning,1,0,0,0.0%
SQL Joins,Computer Science,1,0,0,0.0%
Introduction to Public Speaking,Business,1,1,0,0.0%
Spanish Vocabulary: Cultural Experience,Language Learning,1,1,1,100.0%
Prediction and Control with Function Approximation,Data Science,1,1,1,100.0%
Intro to Time Series Analysis in R,Data Science,1,1,0,0.0%
Creating New BigQuery Datasets and Visualizing Insights,Information Technology,1,1,0,0.0%
Personal & Family Financial Planning,Business,1,0,0,0.0%
"Everyday Excel, Part 1",Computer Science,1,1,0,0.0%
Practicing Gratitude Teach-Out,Health,1,1,0,0.0%
Unsupervised Learning,Data Science,1,1,1,100.0%
Predict Diabetes with a Random Forest using R,Data Science,1,1,1,100.0%
Using Google Forms for Student Success,Social Sciences,1,1,1,100.0%
Data Processing and Feature Engineering with MATLAB,Data Science,1,0,0,0.0%
Copyright for Educators & Librarians,Social Sciences,1,1,1,100.0%
Introduction to Python,Computer Science,1,1,1,100.0%
"Cleaning, Reshaping, and Expanding Datasets in Python",Data Science,1,1,1,100.0%
Build Data Analysis tools using R and DPLYR,Data Science,1,0,0,0.0%
Non-Alcoholic Fatty Liver Disease – The Essentials,Health,1,1,1,100.0%
Foundations of Everyday Leadership,Business,1,1,0,0.0%
SketchUp: how to model a 3D mockup to showcase your artwork,Computer Science,1,1,0,0.0%
Bayesian Optimization with Python,Data Science,1,1,0,0.0%
Data Science Capstone,Data Science,1,0,0,0.0%
Data Analytics:  Scraping Data using Hadley Wickam's Rvest package in R,Data Science,1,1,1,100.0%
Fundamentals of Immunology: Dueling with the Dark Side,Health,1,0,0,0.0%
Handle Missing Survey Data Values in Google Sheets,Data Science,1,0,0,0.0%
Architecting and Installing the Apigee Hybrid API Platform,Information Technology,1,0,0,0.0%
Explainable AI: Scene Classification and GradCam Visualization,Data Science,1,1,1,100.0%
Chemicals and Health,Health,1,1,0,0.0%
Web Application Development with JavaScript and MongoDB,Computer Science,1,0,0,0.0%
Financial Accounting Fundamentals,Business,1,1,0,0.0%
Predicting House Prices with Regression using TensorFlow,Data Science,1,0,0,0.0%
Stochastic processes,Math and Logic,1,1,0,0.0%
"Reverse and complement nucleic acid sequences (DNA, RNA) using Python",Data Science,1,1,1,100.0%
Preparing to Manage Human Resources,Business,1,1,0,0.0%
Surveillance Systems: The Building Blocks,Health,1,1,0,0.0%
Structured Query Language (SQL) using SAS,Data Science,1,1,0,0.0%
A Geometrical Approach to Genome Analysis: Skew & Z-Curve,Data Science,1,1,1,100.0%
Simple Nearest Neighbors Regression and Classification,Data Science,1,1,1,100.0%
Bacteria and Chronic Infections,Health,1,1,0,0.0%
Deep Learning with PyTorch : Build an AutoEncoder,Data Science,1,1,1,100.0%
Processing Data with Python,Computer Science,1,1,1,100.0%
Practical SAS Programming and Certification Review,Data Science,1,1,0,0.0%
English for Teaching Purposes,Language Learning,1,1,0,0.0%
The Outcomes and Interventions of Health Informatics,Health,1,0,0,0.0%